Primer Name	Sequence	Pool	Length	Tm	GC%	Start	End
229E_2kb_1_LEFT	GAAATTTTTGCTATGGCCGGCA	1	22	60.86	45.45	73	95
229E_2kb_1_RIGHT	TTCACAAGTCACAGTGGTTGGA	1	22	60.21	45.45	2112	2134
229E_2kb_2_LEFT	CTGTTGTAATTGGCGATGTGGC	2	22	60.91	50	1967	1989
229E_2kb_2_RIGHT	ACACCAAAACCATCCACACACA	2	22	61.07	45.45	3935	3957
229E_2kb_3_LEFT	TTTGTACGCCCACTAAGAAGGC	1	22	61.05	50	3713	3735
229E_2kb_3_RIGHT	CTTGCACACCATCACGTTTGAC	1	22	61.03	50	5698	5720
229E_2kb_4_LEFT	GAAAGGTGACAAGGGTGATGCT	2	22	61	50	5535	5557
229E_2kb_4_RIGHT	ACAACACGCCAAGTCATAAGCT	2	22	60.99	45.45	7503	7525
229E_2kb_5_LEFT	GGGACCAATGTAACGCAGGTTA	1	22	60.8	50	7165	7187
229E_2kb_5_RIGHT	GTCGGAGGTGTGTACAAGATGT	1	22	60.21	50	9140	9162
229E_2kb_6_LEFT	CTGCTGCAGGAACATTTGTCAT	2	22	59.95	45.45	8939	8961
229E_2kb_6_RIGHT	TGCCCATTAGAACGACGTTTGT	2	22	60.99	45.45	10954	10976
229E_2kb_7_LEFT	TTTCTGTGTTAGTCCAGCCGAA	1	22	60.08	45.45	10788	10810
229E_2kb_7_RIGHT	GTTCTGCCCTCATGCCAAGTAA	1	22	61.06	50	12781	12803
229E_2kb_8_LEFT	GAAGTCCAATTGTGTGCGCTTC	2	22	61.09	50	12635	12657
229E_2kb_8_RIGHT	GACGAGTTAACGCTCAAAACGC	2	22	61.14	50	14596	14618
229E_2kb_9_LEFT	TGCTCAAGTTTTGACCGAGGTT	1	22	60.86	45.45	14456	14478
229E_2kb_9_RIGHT	GACACCTCATCCACGACAACAA	1	22	60.99	50	16387	16409
229E_2kb_10_LEFT	GATTCGCTCTGTGCAAAAGCTG	2	22	61.15	50	16221	16243
229E_2kb_10_RIGHT	TCCATTTGGCCATGTGTCATGT	2	22	61.01	45.45	18160	18182
229E_2kb_11_LEFT	GTCGCACTGTGCAGAGTCATAT	1	22	60.92	50	17989	18011
229E_2kb_11_RIGHT	TGTCAACAACAATTGCGTCGTG	1	22	60.96	45.45	19932	19954
229E_2kb_12_LEFT	TATGGTGCAGGTTTGAAGTTGC	2	22	59.88	45.45	19749	19771
229E_2kb_12_RIGHT	CACTATAGGCATTGCGCAACCA	2	22	61.76	50	21750	21772
229E_2kb_13_LEFT	AAAGGGCCTTTGTGTGTTGACA	1	22	61.33	45.45	21574	21596
229E_2kb_13_RIGHT	GCCATGGTAGGAATACGTGGTT	1	22	60.6	50	23564	23586
229E_2kb_14_LEFT	CTGAGGGGCTTGTTTTTCTCCA	2	22	60.94	50	23393	23415
229E_2kb_14_RIGHT	TCAGCAAGGTCACAGTAATGCC	2	22	61.06	50	25405	25427
229E_2kb_15_LEFT	TTTGACACCTGGGCTAATTGGG	1	22	61.01	50	25183	25205
229E_2kb_15_RIGHT	TGACTGGCTCTTCCATTGTTGG	1	22	61	50	27195	27217