Primer Name,Sequence,Pool,Length,Tm,GC%,Start ,End
HMPV-FW-1,ACGCGAAAAAAACGCGTATA,1,20,60,37.5,1,1
HMPV-REV-1,CCAGAYTCWGGRCCCATYTC,1,20,60,50,1,1
HMPV-FW-2,CWACAGGMAGCAAAGCAGAAAG,2,22,60,50,1,1
HMPV-REV-2,GARAGCAARTCTAGRGCATCTT,2,22,60,37.5,1,1
HMPV-FW-3A,CMARCAACCAAAACAACAGATCC,1,23,60,50,1,1
HMPV-FW-3B,CAANYAAYCAAARYYATGGATCC,1,23,60,37.5,1,1
HMPV-REV-3A,GAAGTACAGACATNGCWGCACC,1,22,60,62.5,1,1
HMPV-E,GAAGTACMGACATNGCWGCACC,1,22,60,50,1,1
HMPV-FW-4,AYACAGCYGCTGTTCAAGTTGA,2,22,60,62.5,1,1
HMPV-REV-4,ACCARCCTGTYCTYARAACACT,2,22,60,50,1,1
HMPV-FW-5A,GCAAGACTTGGAGCCATCAAGG,1,22,60,50,1,1
HMPV-FW-5B,GCAAGAGCTGGAGTCACCAAGG,1,22,60,37.5,1,1
HMPV-REV-5,CAAGGYGTRYTATNACNCCAAAGAT,1,25,60,50,1,1
HMPV-FW-6,GTGCGGCARTTTTCAGACAATG,2,22,60,37.5,1,1
HMPV-REV-6,ACACCAYTYAGCTCYGGAGG,2,20,60,62.5,1,1
HMPV-FW-7A,TTGAAAACAGTCAAGCACTAGT,1,22,60,50,1,1
HMPV-FW-7B,TTYCCTGARGATCARTTYAATGT,1,23,60,62.5,1,1
HMPV-REV-7,CATCYAATGTTWTCATTGTCAYTTATC,1,27,60,37.5,1,1
HMPV-FW-8A,AGTGRCATGGTCCTGTYTTCA,2,21,60,62.5,1,1
HMPV-FW-8B,GACAGTGAARGCAYTAATCAAGTGC,2,25,60,50,1,1
HMPV-REV-8,ACYTCCATRRCYACTTGTCCCA,2,22,60,50,1,1
HMPV-FW-9A,GGAAAATAAGYAGAAAYCAATGCAC,1,25,60,50,1,1
HMPV-FW-9B,GGRAARTAAGYANAAATCAATGYAC,1,25,60,50,1,1
HMPV-REV-9A,CATTRAGAGGATCCATTGYYATTT,1,24,60,37.5,1,1
HMPV-REV-9B,CACARARNGGATCCATTGYYATTT,1,24,60,50,1,1
HMPV-FW-10A,YCRCAYRAGCAGCAYARGRRAAAGA,2,25,60,50,1,1
HMPV-FW-10B,CCGCACKAGCAGCRCAAKAAGGAGA,2,25,60,50,1,1
HMPV-FW-10C,CAACCARAYCAGMAATGNAAGNGAGRCA,2,28,60,50,1,1
HMPV-FW-10D,CAACCAAACCAGCAATGGAAGAGAGGCG,2,28,60,50,1,1
HMPV-FW-10E,CAACCARAYCAGMAATGNAAGNGAG,2,25,60,25,1,1
HMPV-REV-10A,CTYAYTCTTYTRCTTTTGTTGCT,2,23,60,62.5,1,1
HMPV-REV-10B,GCTYAYTCTTYTRCTTTTGTTGCT,2,24,60,37.5,1,1
HMPV-FW-11A,AACCCACCTCAGATAACACATCAATYCT,1,28,60,50,1,1
HMPV-FW-11B,ACCCAACCTCAGATAACACATCAATTCT,1,28,60,50,1,1
HMPV-REV-11A,AGTTGACTGGGGTAAYTTTTWGCTT,1,25,60,75,1,1
HMPV-REV11B,AGTTGGCTRGGGTAACTTTTRGCTT,1,25,60,37.5,1,1
HMPV-FW-12,TYGGWCAYCCDATGGTAGATGA,2,22,60,50,1,1
HMPV-REV-12,ACCYYTTGTTTCYGGTGGTGCA,2,22,60,50,1,1
HMPV-FW-13A,GGAAATSAAATCRGAACTTTCTTCYAYTAAAAC,1,33,60,50,1,1
HMPV-FW-13B,GGAAATRAAATCAGAACTTTCYTCYATTAAAAC,1,33,60,50,1,1
HMPV-REV-13A,TCTCCYCCWCCAAAYTGCATTG,1,22,60,25,1,1
HMPV-REV-13B,TCTCCTCCWCCAAAYTGCATCG,1,22,60,62.5,1,1
HMPV-FW-14,RGGRGARAGYATRYTAGTTAGTYTGATA,2,28,60,37.5,1,1
HMPV-REV-14A,TGAGTGCTTGATCCTACCCAGG,2,22,60,50,1,1
HMPV-REV-14B,AGGGCTYTTTGGACCTCTTTGA,2,22,60,50,1,1
HMPV-FW-15A,AATGGTAGGCTGATATGCTGYCAG,1,24,60,75,1,1
HMPV-REV-15A,YGATAYRAACCCRTCACCCCAGT,1,23,60,37.5,1,1
HMPV-REV-15B,TGARATGAACCCATCACCCCARTC,1,24,60,50,1,1
HMPV-FW-16,ACAYTRGGRAARATGCTYATGC,2,22,60,50,1,1
HMPV-REV-16,CARTTWCCTGCYCCTTCTCCAA,2,22,60,50,1,1
HMPV-FW-17A,AYCAGTTCRGAYTACAACAAAGGG,1,22,60,50,1,1
HMPV-FW-17B,TCCCYAAGATAACATTYGAAAGGCTAAAAA,1,30,60,25,1,1
HMPV-REV-17A,CTTRCTRCCNCCAACTGTTGCT,1,22,60,62.5,1,1
HMPV-FW-18,GAYCTTGAYCAYCATTAYCCNYTRGAATAYCA,2,32,60,37.5,1,1
HMPV-REV-18,ACGGCAAAAAAACCGTATACAWTCAA,2,26,60,50,1,1