name	pool	seq	size	%gc	tm (use 65)
hku1_clade1_2_1_LEFT	1	GCAAGTAAACTATGATCCTCAGGAGT	26	42.31	60.85
hku1_clade1_2_1_RIGHT	1	TCCTCATTGGAATTCTGATCAAGCT	25	40.00	60.73
hku1_clade1_2_2_LEFT	2	AATGGTCAATGGCCACATAAGC	22	45.45	59.75
hku1_clade1_2_2_RIGHT	2	TGCTGCTGGTGTACCATTTTCT	22	45.45	60.67
hku1_clade1_2_3_LEFT	1	GCAAGAGCAGAGTTAGTAGCAGT	23	47.83	60.62
hku1_clade1_2_3_RIGHT	1	GTTTGCTATACCTAATCGCAGACG	24	45.83	60.16
hku1_clade1_2_4_LEFT	2	CAAGACCTGGACAATGTTCACCT	23	47.83	61.00
hku1_clade1_2_4_RIGHT	2	CCCGTGCAGGTTGTTGATTCTA	22	50.00	61.05
hku1_clade1_2_5_LEFT	1	ACCAAAAGAAAAACGAGGCCAA	22	40.91	59.68
hku1_clade1_2_5_RIGHT	1	AGGACTTTCAATTTATGTTGTGGTGT	26	34.62	60.12
hku1_clade1_2_6_LEFT	2	AGCAACATTCATCATACAACCTGTTG	26	38.46	61.01
hku1_clade1_2_6_RIGHT	2	TCTGATGCAATTATGACTCGGTGT	24	41.67	60.70
hku1_clade1_2_7_LEFT	1	CAGACTTGACAACAGGAGAAGCA	23	47.83	61.00
hku1_clade1_2_7_RIGHT	1	TCAGCACATTGGAATGAAACGTT	23	39.13	59.93
hku1_clade1_2_8_LEFT	2	AGCAGGTATAATGCGTGTACAGT	23	43.48	60.12
hku1_clade1_2_8_RIGHT	2	TGGCTGGGATGATATGTTACGC	22	50.00	60.73
hku1_clade1_2_9_LEFT	1	ACATAATAGCAACCGCCACACA	22	45.45	60.80
hku1_clade1_2_9_RIGHT	1	GAGATGGCAGTTGTTCCTGTGT	22	50.00	60.99
hku1_clade1_2_10_LEFT	2	ACCGTCGTCATCTATACGCTGA	22	50.00	61.24
hku1_clade1_2_10_RIGHT	2	GGGGATTTTTCTCTCTTTTAAACAGTGT	28	35.71	60.97
hku1_clade1_2_11_LEFT	1	ATAACTGGCACGCCACCTATTC	22	50.00	60.93
hku1_clade1_2_11_RIGHT	1	AGAATTCTGTTTCTGATGTTGCTTACA	27	33.33	60.26
hku1_clade1_2_12_LEFT	2	ACAGATGCTGTAGGAGGTTGGT	22	50.00	61.28
hku1_clade1_2_12_RIGHT	2	TGGTATCTCTGTAACCCAGACTATGT	26	42.31	61.03
hku1_clade1_2_13_LEFT	1	TCAGTAAATTCCAAACCAGCAGC	23	43.48	60.00
hku1_clade1_2_13_RIGHT	1	ACTGGTGATGTTGTTTTGGCATC	23	43.48	60.50
hku1_clade1_2_14_LEFT	2	ACCACATTACCTTGTGACTCCTC	23	47.83	60.25
hku1_clade1_2_14_RIGHT	2	GGTCCTGATGCTAGACAAGATGG	23	52.17	60.75
hku1_clade1_2_15_LEFT	1	GCCAATGCTTTAGTACCAACAACT	24	41.67	60.34
hku1_clade1_2_15_RIGHT	1	TTGTCGCTGTTGTTTGTGATGC	22	45.45	60.97
hku1_clade1_2_16_LEFT	2	TACATACGAGAGGCCATTGCTT	22	45.45	59.75
hku1_clade1_2_16_RIGHT	2	TAGTGGCTTGGCATGTAGTTCG	22	50.00	60.86
hku1_clade1_2_17_LEFT	1	GCACTAGCATCTAACATGGTATTAAACC	28	39.29	61.06
hku1_clade1_2_17_RIGHT	1	TCCATGCTTGTGAGTGTGGTTT	22	45.45	60.87
