Primer Name,Sequence,Pool,Length,Tm,GC%,Start,End
HKU1clade1_1.5_1_LEFT,GCAAGTAAACTATGATCCTCAGGAGT,1,26,56.2,42.3,,
HKU1clade1_1.5_1_RIGHT,AGGGTGTTAAACTTGGCACTGG,1,22,57.7,50,,
HKU1clade1_1.5_2_LEFT,GCTCTCAACAAGGCAGTATCCA,2,22,57,50,,
HKU1clade1_1.5_2_RIGHT,TGAAATGTATGTTAAATGGCCTTGGT,2,26,55.4,34.6,,
HKU1clade1_1.5_3_LEFT,TGTGACCCCCATACTCATCACA,1,22,57.8,50,,
HKU1clade1_1.5_3_RIGHT,TCAGTTGCAGGTTGCTAATGCT,1,22,57.2,45.5,,
HKU1clade1_1.5_4_LEFT,ACGAAGAACCACATTGTGAACCT,2,23,56.9,43.5,,
HKU1clade1_1.5_4_RIGHT,GGCAGTTCTGGCTTTTTGCAAT,2,22,57.1,45.5,,
HKU1clade1_1.5_5_LEFT,ACAACGACCTTCTTTTGAGGACA,1,23,56.6,43.5,,
HKU1clade1_1.5_5_RIGHT,TGTATCTCTTGGTTTGGGCACAT,1,23,56.6,43.5,,
HKU1clade1_1.5_6_LEFT,ATCTGACAGAAAAGGTGGTTTATACC,2,26,54.9,38.5,,
HKU1clade1_1.5_6_RIGHT,GTTGGTGATAGTCTTGTAAACACTTGT,2,27,55.4,37,,
HKU1clade1_1.5_7_LEFT,CCAGTCATGGTTTAAATGAGACACA,1,25,55.3,40,,
HKU1clade1_1.5_7_RIGHT,TCAACCTTTGAACCTCGCTCAG,1,22,57.3,50,,
HKU1clade1_1.5_8_LEFT,CCTATAAGCAAGTGCAAACCTCC,2,23,55.9,47.8,,
HKU1clade1_1.5_8_RIGHT,TGCAGCGTGTTATGCTTAAAGC,2,22,56.5,45.5,,
HKU1clade1_1.5_9_LEFT,ACAGACTTGACAACAGGAGAAGC,1,23,57,47.8,,
HKU1clade1_1.5_9_RIGHT,GGGACAGACAACACATGAGAGT,1,22,56.7,50,,
HKU1clade1_1.5_10_LEFT,AGAACCTTGAGCAGAATCAACAGT,2,24,56.5,41.7,,
HKU1clade1_1.5_10_RIGHT,ACGGAAGCCTTTGTTGTGTTGT,2,22,57.8,45.5,,
HKU1clade1_1.5_11_LEFT,ACCACCCAAATATAATTTGGTGACAT,1,26,55.1,34.6,,
HKU1clade1_1.5_11_RIGHT,AGGCATTATCATTTGAGGAGCAGA,1,24,56.3,41.7,,
HKU1clade1_1.5_12_LEFT,GAACACCACGAGTAGCTGCTAT,2,22,56.7,50,,
HKU1clade1_1.5_12_RIGHT,CGTATAGATGACGACGGTAATAAATTGG,2,28,55.3,39.3,,
HKU1clade1_1.5_13_LEFT,TGGCACACGACTACCATCAATA,1,22,56,45.5,,
HKU1clade1_1.5_13_RIGHT,AAACTGGAACGTATGGCAGACC,1,22,57.4,50,,
HKU1clade1_1.5_14_LEFT,CTGGAATAGCATTCAAAGGTACACA,2,25,55.2,40,,
HKU1clade1_1.5_14_RIGHT,TGAATTGGCACCTTCTGACGTT,2,22,57.1,45.5,,
HKU1clade1_1.5_15_LEFT,ACAAAGTACACATAATGTAACACCAATCA,1,29,55.2,31,,
HKU1clade1_1.5_15_RIGHT,CAAGTTTATCCTATTTGTGCATGTGTTT,1,28,54.8,32.1,,
HKU1clade1_1.5_16_LEFT,TGTGACACAAAACCAAAAAGGCA,2,23,56.2,39.1,,
HKU1clade1_1.5_16_RIGHT,GCTGCTGGTTTGGAATTTACTGA,2,23,55.9,43.5,,
HKU1clade1_1.5_17_LEFT,GCCTTAGCAACATTACCCTGTACA,1,24,57,45.8,,
HKU1clade1_1.5_17_RIGHT,AGCCACTGTGTTTTTGTTTTGGT,1,23,56.2,39.1,,
HKU1clade1_1.5_18_LEFT,TTGTAACCAAACCAAAAGTAGCCTT,2,25,55.3,36,,
HKU1clade1_1.5_18_RIGHT,AAGTCGTGTTGGTGTTGATGCT,2,22,57.3,45.5,,
HKU1clade1_1.5_19_LEFT,AGCTGCAACAACATCATCAGGT,1,22,57.3,45.5,,
HKU1clade1_1.5_19_RIGHT,AATGGGCATATGCTCCATGGTG,1,22,57.8,50,,
HKU1clade1_1.5_20_LEFT,CCATCTTGTCTAGCATCAGGACC,2,23,57,52.2,,
HKU1clade1_1.5_20_RIGHT,ACTGGTGACAATGACGATGAAGA,2,23,56.2,43.5,,
HKU1clade1_1.5_21_LEFT,TCGTCATTGTCACCAGTAACAACA,1,24,56.5,41.7,,
HKU1clade1_1.5_21_RIGHT,TGGTGTTAATAATTCTTGGTGTAGGC,1,26,55.3,38.5,,
HKU1clade1_1.5_22_LEFT,GGTACAAAACCATCTCCACAAACT,2,24,55.5,41.7,,
HKU1clade1_1.5_22_RIGHT,CTTGGACAAGAATGGCATGTGC,2,22,57.1,50,,
HKU1clade1_1.5_23_LEFT,CAGGACGCGGTGACCAATATAT,1,22,56.8,50,,
HKU1clade1_1.5_23_RIGHT,TCCATGCTTGTGAGTGTGGTTT,1,22,57.2,45.5,,
HKU1clade2_1.5_1_LEFT,TGATAGAGAGTGTCCTATTCCGACT,1,25,56.3,44,,
HKU1clade2_1.5_1_RIGHT,ACCTAGTGGTATGGATACTGCCT,1,23,56.9,47.8,,
HKU1clade2_1.5_2_LEFT,TGGTCAGCCCAAGAAGTTTTCT,2,22,56.7,45.5,,
HKU1clade2_1.5_2_RIGHT,ACTGGTTGTGGTTCTGCATGTT,2,22,57.4,45.5,,
HKU1clade2_1.5_3_LEFT,TAGCTAGGTCTCCAAACGTCCA,1,22,57.3,50,,
HKU1clade2_1.5_3_RIGHT,TGGATGTTTAGGTCCACACTGC,1,22,57.2,50,,
HKU1clade2_1.5_4_LEFT,TGAGATTCAGACAAAATAGGAGGCA,2,25,56,40,,
HKU1clade2_1.5_4_RIGHT,TCTGGTGCCAATTTTAGGGATCT,2,23,56.3,43.5,,
HKU1clade2_1.5_5_LEFT,ACACTACCTATAACTATAGTACTAAACTCACT,1,32,54.4,31.3,,
HKU1clade2_1.5_5_RIGHT,TGTGTCTCATTTAAACCATGACTGG,1,25,55.3,40,,
HKU1clade2_1.5_6_LEFT,ATTTGATCACCTTCGCCAGTGT,2,22,57,45.5,,
HKU1clade2_1.5_6_RIGHT,GGAGGTTTGCATTTGCTTATAGGC,2,24,56.7,45.8,,
HKU1clade2_1.5_7_LEFT,ACAAACACTCTTACTACTACCACACT,1,26,55.4,38.5,,
HKU1clade2_1.5_7_RIGHT,TGATGCTTTTCCTGTAGCCAAGT,1,23,56.8,43.5,,
HKU1clade2_1.5_8_LEFT,CCACCATTACATCCAGGAAGGT,2,22,56.7,50,,
HKU1clade2_1.5_8_RIGHT,TGTTGCTAAGCGTGTTTTAGGTG,2,23,55.9,43.5,,
HKU1clade2_1.5_9_LEFT,CCCTTCTTGGCTCTAGTTATGGC,1,23,57.3,52.2,,
HKU1clade2_1.5_9_RIGHT,TGGGTGGTATGTCTTACTATTGTGA,1,25,55.3,40,,
HKU1clade2_1.5_10_LEFT,ACGTTCAATACACTCATTTGCCAG,2,24,55.8,41.7,,
HKU1clade2_1.5_10_RIGHT,ATGACAGGCCGAATGTTCCATC,2,22,57.6,50,,
HKU1clade2_1.5_11_LEFT,ATCCCAACCCATAAGAACAGGG,1,22,56.8,50,,
HKU1clade2_1.5_11_RIGHT,AGTCGCGTGCCACATATAGTTC,1,22,57.1,50,,
HKU1clade2_1.5_12_LEFT,GGATTCTTTACAATCAGCATACTCACA,2,27,55.2,37,,
HKU1clade2_1.5_12_RIGHT,TGTGTACCTTTGAGTGCTATTCCA,2,24,56.1,41.7,,
HKU1clade2_1.5_13_LEFT,ACCATCAGCATCTTGAACAGTCT,1,23,56.3,43.5,,
HKU1clade2_1.5_13_RIGHT,TGATTGGTGTTACATTATGTGTACTTTGT,1,29,55.2,31,,
HKU1clade2_1.5_14_LEFT,AGCAGGAACAAAATATGAGAGCCA,2,24,56.7,41.7,,
HKU1clade2_1.5_14_RIGHT,AGGAAAATTGGTGTTAATGTATGTAGTGA,2,29,54.9,31,,
HKU1clade2_1.5_15_LEFT,GAACACGCCGCTTCTCTATAGG,1,22,57.4,54.5,,
HKU1clade2_1.5_15_RIGHT,TTGATGCTTTTAATCAACTTACTGCTG,1,27,54.4,33.3,,
HKU1clade2_1.5_16_LEFT,TGGACTCATACCATTGATCAAATTGG,2,26,55.4,38.5,,
HKU1clade2_1.5_16_RIGHT,ACTACATGGTTGCCTGATTTGTTT,2,24,55.3,37.5,,
HKU1clade2_1.5_17_LEFT,ACAACCAGCTTTATTACAACCATAGAC,1,27,55.3,37,,
HKU1clade2_1.5_17_RIGHT,AAGGCTCAGTTTAAACCATTTGCT,1,24,55.6,37.5,,
HKU1clade2_1.5_18_LEFT,ATCACCAGTAGCTACAGGCCAG,2,22,58.5,54.5,,
HKU1clade2_1.5_18_RIGHT,TGAGTGGTGATGATTGTTTTGTTTCA,2,26,55.6,34.6,,
HKU1clade2_1.5_19_LEFT,TGATAAGACGCCAATCTTTAGGAAGA,1,26,55.8,38.5,,
HKU1clade2_1.5_19_RIGHT,ACTGGTGACAATGACGATGAAGA,1,23,56.2,43.5,,
HKU1clade2_1.5_20_LEFT,TCGTCATTGTCACCAGTAACAACA,2,24,56.5,41.7,,
HKU1clade2_1.5_20_RIGHT,TCGTGCTGATTTTGCTTGCAAG,2,22,56.9,45.5,,
HKU1clade2_1.5_21_LEFT,TGTAGCAACTGAAACTCTGTCCA,1,23,56.1,43.5,,
HKU1clade2_1.5_21_RIGHT,AAACAGCCGTAAAGTCCGGTAC,1,22,57.3,50,,
HKU1clade2_1.5_22_LEFT,AATCCACAATCCAGGACGCG,2,20,57.9,55,,
HKU1clade2_1.5_22_RIGHT,TCCATGCTTGTGAGTGTGGTTT,2,22,57.2,45.5,,